{
	"settings": {
		"appearanceTools": true,
		"color": {
			"palette": [
				{
					"color": "#ffffff",
					"name": "Base",
					"slug": "base"
				},
				{
					"color": "#242121",
					"name": "Contrast",
					"slug": "contrast"
				},
				{
					"color": "#242121",
					"name": "Primary",
					"slug": "primary"
				},
				{
					"color": "#6e6e6e",
					"name": "Secondary",
					"slug": "secondary"
				},
				{
					"color": "#F0F0F0",
					"name": "Tertiary",
					"slug": "tertiary"
				}
			]
		},
		"layout": {
			"contentSize": "620px",
			"wideSize": "1000px"
		},
		"spacing": {
			"units": [
				"%",
				"px",
				"em",
				"rem",
				"vh",
				"vw"
			]
		},
		"typography": {
			"defaultFontSizes": false,
			"fluid": true,
			"fontFamilies": [
				{
					"fontFamily": "-apple-system, BlinkMacSystemFont, 'Segoe UI', Roboto, Oxygen-Sans, Ubuntu, Cantarell, 'Helvetica Neue', sans-serif",
					"name": "System Font",
					"slug": "system-font"
				},
				{
					"fontFace": [
						{
							"fontFamily": "Beth Ellen",
							"fontStyle": "normal",
							"fontWeight": "400",
							"src": [
								"file:./assets/fonts/beth-ellen_normal_400.ttf"
							]
						}
					],
					"fontFamily": "Beth Ellen",
					"slug": "beth-ellen"
				},
				{
					"fontFace": [
						{
							"fontFamily": "Cardo",
							"fontStyle": "normal",
							"fontWeight": "400",
							"src": [
								"file:./assets/fonts/cardo_normal_400.ttf"
							]
						},
						{
							"fontFamily": "Cardo",
							"fontStyle": "italic",
							"fontWeight": "400",
							"src": [
								"file:./assets/fonts/cardo_italic_400.ttf"
							]
						},
						{
							"fontFamily": "Cardo",
							"fontStyle": "normal",
							"fontWeight": "700",
							"src": [
								"file:./assets/fonts/cardo_normal_700.ttf"
							]
						}
					],
					"fontFamily": "Cardo",
					"slug": "cardo"
				}
			],
			"fontSizes": [
				{
					"fluid": {
						"max": "0.9rem",
						"min": "0.8rem"
					},
					"name": "Extra Small",
					"size": "0.8rem",
					"slug": "x-small"
				},
				{
					"fluid": {
						"max": "1.2rem",
						"min": "1rem"
					},
					"name": "Small",
					"size": "1rem",
					"slug": "small"
				},
				{
					"fluid": {
						"max": "1.4rem",
						"min": "0.9rem"
					},
					"name": "Medium",
					"size": "1.4rem",
					"slug": "medium"
				},
				{
					"fluid": true,
					"name": "Large",
					"size": "2.1rem",
					"slug": "large"
				},
				{
					"fluid": true,
					"name": "Extra Large",
					"size": "2.52rem",
					"slug": "x-large"
				},
				{
					"fluid": true,
					"name": "Double Extra Large",
					"size": "3.024rem",
					"slug": "xx-large"
				},
				{
					"fluid": {
						"max": "7.525rem",
						"min": "2.1rem"
					},
					"name": "Huge",
					"size": "7.525rem",
					"slug": "huge"
				}
			]
		},
		"useRootPaddingAwareAlignments": true
	},
	"styles": {
		"blocks": {
			"core/button": {
				"border": {
					"radius": "100px"
				},
				"spacing": {
					"padding": {
						"bottom": "var(--wp--preset--spacing--40)",
						"left": "1.5rem",
						"right": "1.5rem",
						"top": "var(--wp--preset--spacing--40)"
					}
				},
				"typography": {
					"fontSize": "var(--wp--preset--font-size--x-small)",
					"letterSpacing": "1.4px",
					"textTransform": "uppercase"
				},
				"variations": {
					"outline": {
						"border": {
							"bottom": {
								"color": "var(--wp--preset--color--contrast)",
								"style": "solid",
								"width": "1px"
							},
							"left": {
								"color": "var(--wp--preset--color--contrast)",
								"style": "solid",
								"width": "1px"
							},
							"radius": "100px",
							"right": {
								"color": "var(--wp--preset--color--contrast)",
								"style": "solid",
								"width": "1px"
							},
							"top": {
								"color": "var(--wp--preset--color--contrast)",
								"style": "solid",
								"width": "1px"
							}
						},
						"spacing": {
							"padding": {
								"bottom": "var(--wp--preset--spacing--40)",
								"left": "var(--wp--preset--spacing--50)",
								"right": "var(--wp--preset--spacing--50)",
								"top": "var(--wp--preset--spacing--40)"
							}
						}
					}
				}
			},
			"core/code": {
				"border": {
					"bottom": {
						"style": "none",
						"width": "0px"
					},
					"color": "var(--wp--preset--color--contrast)",
					"left": {
						"style": "none",
						"width": "0px"
					},
					"radius": "0.25rem",
					"right": {
						"style": "none",
						"width": "0px"
					},
					"style": "solid",
					"top": {
						"style": "none",
						"width": "0px"
					},
					"width": "2px"
				},
				"color": {
					"background": "var(--wp--preset--color--tertiary)"
				},
				"spacing": {
					"padding": {
						"bottom": "var(--wp--preset--spacing--50)",
						"left": "var(--wp--preset--spacing--50)",
						"right": "var(--wp--preset--spacing--50)",
						"top": "var(--wp--preset--spacing--50)"
					}
				},
				"typography": {
					"fontFamily": "monospace",
					"fontSize": "var(--wp--preset--font-size--small)"
				}
			},
			"core/comment-author-name": {
				"typography": {
					"fontSize": "var(--wp--preset--font-size--small)"
				}
			},
			"core/comment-content": {
				"typography": {
					"fontSize": "var(--wp--preset--font-size--small)"
				}
			},
			"core/comment-date": {
				"typography": {
					"fontSize": "var(--wp--preset--font-size--x-small)"
				}
			},
			"core/comment-edit-link": {
				"typography": {
					"fontSize": "var(--wp--preset--font-size--x-small)"
				}
			},
			"core/comment-reply-link": {
				"typography": {
					"fontSize": "var(--wp--preset--font-size--x-small)"
				}
			},
			"core/comments-pagination": {
				"typography": {
					"fontSize": "var(--wp--preset--font-size--small)"
				}
			},
			"core/gallery": {
				"spacing": {
					"margin": {
						"bottom": "var(--wp--preset--spacing--50)"
					}
				}
			},
			"core/list": {
				"spacing": {
					"padding": {
						"left": "var(--wp--preset--spacing--70)"
					}
				}
			},
			"core/navigation": {
				"elements": {
					"link": {
						":hover": {
							"typography": {
								"textDecoration": "underline"
							}
						},
						"typography": {
							"textDecoration": "none"
						}
					}
				},
				"spacing": {
					"blockGap": "var(--wp--preset--spacing--60)"
				},
				"typography": {
					"fontSize": "var(--wp--preset--font-size--x-small)",
					"letterSpacing": "1.4px",
					"textTransform": "uppercase"
				}
			},
			"core/paragraph": {
				"typography": {
					"lineHeight": "1.5"
				}
			},
			"core/post-author": {
				"color": {
					"text": "var(--wp--preset--color--secondary)"
				},
				"elements": {
					"link": {
						"color": {
							"text": "var(--wp--preset--color--secondary)"
						}
					}
				},
				"typography": {
					"fontSize": "var(--wp--preset--font-size--x-small)",
					"letterSpacing": "1.4px",
					"textTransform": "uppercase"
				}
			},
			"core/post-author-name": {
				"elements": {
					"link": {
						":hover": {
							"typography": {
								"textDecoration": "underline"
							}
						},
						"typography": {
							"textDecoration": "none"
						}
					}
				},
				"typography": {
					"fontSize": "var(--wp--preset--font-size--x-small)"
				}
			},
			"core/post-content": {
				"typography": {
					"fontSize": "var(--wp--preset--font-size--medium)",
					"lineHeight": "1.4"
				}
			},
			"core/post-date": {
				"color": {
					"text": "var(--wp--preset--color--contrast)"
				},
				"elements": {
					"link": {
						":hover": {
							"typography": {
								"textDecoration": "underline"
							}
						},
						"typography": {
							"textDecoration": "none"
						}
					}
				},
				"typography": {
					"fontSize": "var(--wp--preset--font-size--x-small)",
					"letterSpacing": "1.4px",
					"textTransform": "uppercase"
				}
			},
			"core/post-navigation-link": {
				"typography": {
					"fontSize": "var(--wp--preset--font-size--x-small)",
					"letterSpacing": "1.4px",
					"textTransform": "uppercase"
				}
			},
			"core/post-terms": {
				"elements": {
					"link": {
						":hover": {
							"typography": {
								"textDecoration": "underline"
							}
						},
						"typography": {
							"textDecoration": "none"
						}
					}
				},
				"typography": {
					"fontSize": "var(--wp--preset--font-size--x-small)",
					"letterSpacing": "1.4px",
					"textTransform": "uppercase"
				}
			},
			"core/post-title": {
				"elements": {
					"link": {
						":hover": {
							"typography": {
								"textDecoration": "underline"
							}
						},
						"typography": {
							"textDecoration": "none"
						}
					}
				},
				"spacing": {
					"margin": {
						"bottom": "0"
					}
				},
				"typography": {
					"fontFamily": "var(--wp--preset--font-family--beth-ellen)",
					"fontStyle": "normal",
					"fontWeight": "400",
					"textTransform": "lowercase"
				}
			},
			"core/pullquote": {
				"border": {
					"bottom": {
						"style": "none",
						"width": "0px"
					},
					"color": "var(--wp--preset--color--contrast)",
					"left": {
						"style": "none",
						"width": "0px"
					},
					"right": {
						"style": "none",
						"width": "0px"
					},
					"style": "solid",
					"top": {
						"style": "none",
						"width": "0px"
					},
					"width": "1px 0"
				},
				"css": "",
				"spacing": {
					"padding": {
						"bottom": "var(--wp--preset--spacing--60)",
						"left": "var(--wp--preset--spacing--60)",
						"right": "var(--wp--preset--spacing--60)",
						"top": "var(--wp--preset--spacing--60)"
					}
				},
				"typography": {
					"fontSize": "36px",
					"fontStyle": "italic",
					"textTransform": "none"
				}
			},
			"core/query-title": {
				"typography": {
					"fontFamily": "var(--wp--preset--font-family--beth-ellen)",
					"fontSize": "var(--wp--preset--font-size--large)",
					"fontStyle": "normal",
					"fontWeight": "400",
					"textTransform": "lowercase"
				}
			},
			"core/quote": {
				"border": {
					"color": "var(--wp--preset--color--primary)",
					"style": "solid",
					"width": "0 0 0 1px"
				},
				"spacing": {
					"padding": {
						"left": "var(--wp--preset--spacing--50)"
					}
				},
				"typography": {
					"fontStyle": "normal"
				}
			},
			"core/read-more": {
				"color": {
					"text": "var(--wp--preset--color--contrast)"
				},
				"elements": {
					"link": {
						"color": {
							"text": "var(--wp--preset--color--contrast)"
						}
					}
				},
				"typography": {
					"fontSize": "var(--wp--preset--font-size--x-small)",
					"letterSpacing": "1.4px",
					"textTransform": "uppercase"
				}
			},
			"core/search": {
				"border": {
					"radius": "0px"
				},
				"color": {
					"text": "var(--wp--preset--color--secondary)"
				},
				"elements": {
					"link": {
						"color": {
							"text": "var(--wp--preset--color--secondary)"
						}
					}
				},
				"typography": {
					"fontFamily": "var(--wp--preset--font-family--cardo)",
					"fontSize": "var(--wp--preset--font-size--small)",
					"lineHeight": "1.6"
				}
			},
			"core/separator": {
				"border": {
					"color": "currentColor",
					"style": "solid",
					"width": "0 0 1px 0"
				},
				"color": {
					"text": "var(--wp--preset--color--contrast)"
				}
			},
			"core/site-tagline": {
				"typography": {
					"fontSize": "var(--wp--preset--font-size--small)",
					"fontStyle": "italic",
					"fontWeight": "400"
				}
			},
			"core/site-title": {
				"color": {
					"text": "var(--wp--preset--color--contrast)"
				},
				"elements": {
					"link": {
						":hover": {
							"typography": {
								"textDecoration": "underline"
							}
						},
						"color": {
							"text": "var(--wp--preset--color--contrast)"
						},
						"typography": {
							"textDecoration": "none"
						}
					}
				},
				"typography": {
					"fontFamily": "var(--wp--preset--font-family--beth-ellen)",
					"fontSize": "var(--wp--preset--font-size--medium)",
					"fontStyle": "normal",
					"fontWeight": "400",
					"textTransform": "lowercase"
				}
			},
			"core/term-description": {
				"typography": {
					"fontSize": "var(--wp--preset--font-size--small)",
					"fontStyle": "italic",
					"fontWeight": "400",
					"lineHeight": "1.5"
				}
			}
		},
		"color": {
			"background": "var(--wp--preset--color--base)",
			"text": "var(--wp--preset--color--contrast)"
		},
		"css": ".wp-block-post-author__name {\n    font-size: var(--wp--preset--font-size--extra-small);\n}\n\n.wp-block-pullquote cite {\n    font-size: 16px;\n    font-family: Beth Ellen;\n}\n\n.wp-block-pullquote blockquote, .wp-block-pullquote p {\n    margin-bottom: 0;\n    line-height: 1.4;\n}",
		"elements": {
			"button": {
				":active": {
					"color": {
						"background": "var(--wp--preset--color--primary)",
						"text": "var(--wp--preset--color--base)"
					}
				},
				":focus": {
					"color": {
						"background": "var(--wp--preset--color--primary)",
						"text": "var(--wp--preset--color--base)"
					},
					"outline": {
						"color": "var(--wp--preset--color--primary)",
						"offset": "2px",
						"style": "dotted",
						"width": "1px"
					}
				},
				":hover": {
					"color": {
						"background": "var(--wp--preset--color--secondary)",
						"text": "var(--wp--preset--color--base)"
					}
				},
				"border": {
					"radius": "0.25rem"
				},
				"color": {
					"background": "var(--wp--preset--color--primary)",
					"text": "var(--wp--preset--color--base)"
				}
			},
			"caption": {
				"typography": {
					"fontSize": "var(--wp--preset--font-size--x-small)"
				}
			},
			"h1": {
				"typography": {
					"fontSize": "var(--wp--preset--font-size--x-large)",
					"letterSpacing": "0px"
				}
			},
			"h2": {
				"typography": {
					"fontSize": "var(--wp--preset--font-size--large)"
				}
			},
			"h3": {
				"typography": {
					"fontSize": "clamp(1.5rem, calc(1.5rem + ((1vw - 0.48rem) * 0.4808)), 1.75rem)"
				}
			},
			"h4": {
				"typography": {
					"fontSize": "clamp(1.25rem, calc(1.25rem + ((1vw - 0.48rem) * 0.4808)), 1.5rem)"
				}
			},
			"h5": {
				"typography": {
					"fontSize": "var(--wp--preset--font-size--small)"
				}
			},
			"h6": {
				"typography": {
					"fontSize": "var(--wp--preset--font-size--x-small)",
					"letterSpacing": "1.5px",
					"textTransform": "uppercase"
				}
			},
			"heading": {
				"color": {
					"text": "var(--wp--preset--color--contrast)"
				},
				"typography": {
					"fontFamily": "var(--wp--preset--font-family--cardo)",
					"fontStyle": "normal",
					"fontWeight": "700",
					"lineHeight": "1.125",
					"textTransform": "none"
				}
			},
			"link": {
				":hover": {
					"typography": {
						"textDecoration": "none"
					}
				},
				"color": {
					"text": "var(--wp--preset--color--secondary)"
				}
			}
		},
		"spacing": {
			"blockGap": "1.5rem",
			"padding": {
				"bottom": "0rem",
				"left": "0rem",
				"right": "0rem",
				"top": "0rem"
			}
		},
		"typography": {
			"fontFamily": "var(--wp--preset--font-family--cardo)",
			"fontSize": "var(--wp--preset--font-size--medium)",
			"lineHeight": "1.6"
		}
	},
	"templateParts": [
		{
			"area": "header",
			"name": "header"
		},
		{
			"area": "footer",
			"name": "footer"
		}
	],
	"customTemplates": [
		{
			"name": "page-no-title",
			"postTypes": ["page"],
			"title": "Page No Title"
		},
		{
			"name": "page-alternative",
			"postTypes": ["page"],
			"title": "Page Alternative"
		}
	],
	"version": 3,
	"$schema": "https://schemas.wp.org/trunk/theme.json"
}
