{
	"$schema": "https://schemas.wp.org/wp/6.8/theme.json",
	"customTemplates": [
		{
			"name": "template-page-w-hero",
			"title": "Page with Hero"
		},
		{
			"name": "template-page-w-title",
			"title": "Page with Title"
		}
	],
	"settings": {
		"appearanceTools": true,
		"blocks": {
			"core/heading": {
				"color": {
					"background": false
				}
			}
		},
		"color": {
			"defaultDuotone": false,
			"defaultGradients": false,
			"defaultPalette": false,
			"duotone": [
				{
					"colors": [
						"#000000",
						"#FFFFFF"
					],
					"name": "Duotone 1",
					"slug": "duotone-1"
				},
				{
					"colors": [
						"#000000",
						"#BBBBBB"
					],
					"name": "Duotone 2",
					"slug": "duotone-2"
				}
			],
			"palette": [
				{
					"color": "#fcfafc",
					"name": "Color 1",
					"slug": "theme-1"
				},
				{
					"color": "#eadde9",
					"name": "Color 2",
					"slug": "theme-2"
				},
				{
					"color": "#b99bae",
					"name": "Color 3",
					"slug": "theme-3"
				},
				{
					"color": "#88997f",
					"name": "Color 4",
					"slug": "theme-4"
				},
				{
					"color": "#221c1d",
					"name": "Color 5",
					"slug": "theme-5"
				}
			]
		},
		"custom": {
			"spacing-increment": "2.5",
			"spacing-unit": "10"
		},
		"layout": {
			"contentSize": "620px",
			"wideSize": "1440px"
		},
		"spacing": {
			"defaultSpacingSizes": false,
			"spacingScale": {
				"theme": {
					"steps": 1
				}
			},
			"spacingSizes": [
				{
					"name": "2X-Small",
					"size": "min(calc(var(--wp--custom--spacing-unit) * (var(--wp--custom--spacing-increment) * 1) * 1px), calc(var(--wp--custom--spacing-increment) * 1 * 2vw))",
					"slug": "20"
				},
				{
					"name": "X-Small",
					"size": "min(calc(var(--wp--custom--spacing-unit) * (var(--wp--custom--spacing-increment) * 2) * 1px), calc(var(--wp--custom--spacing-increment) * 2 * 1vw))",
					"slug": "30"
				},
				{
					"name": "Small",
					"size": "min(calc(var(--wp--custom--spacing-unit) * (var(--wp--custom--spacing-increment) * 3) * 1px), calc(var(--wp--custom--spacing-increment) * 3 * 1vw))",
					"slug": "40"
				},
				{
					"name": "Medium",
					"size": "min(calc(var(--wp--custom--spacing-unit) * (var(--wp--custom--spacing-increment) * 4) * 1px), calc(var(--wp--custom--spacing-increment) * 4 * 1vw))",
					"slug": "50"
				},
				{
					"name": "Large",
					"size": "min(calc(var(--wp--custom--spacing-unit) * (var(--wp--custom--spacing-increment) * 5) * 1px), calc(var(--wp--custom--spacing-increment) * 5 * 1vw))",
					"slug": "60"
				},
				{
					"name": "Extra Large",
					"size": "min(calc(var(--wp--custom--spacing-unit) * (var(--wp--custom--spacing-increment) * 6) * 1px), calc(var(--wp--custom--spacing-increment) * 6 * 1vw))",
					"slug": "70"
				},
				{
					"name": "2X Large",
					"size": "min(calc(var(--wp--custom--spacing-unit) * (var(--wp--custom--spacing-increment) * 7) * 1px), calc(var(--wp--custom--spacing-increment) * 7 * 1vw))",
					"slug": "80"
				}
			],
			"units": [
				"px",
				"em",
				"rem",
				"vw"
			]
		},
		"typography": {
			"defaultFontSizes": false,
			"fluid": true,
			"fontFamilies": [
				{
					"fontFace": [
						{
							"fontFamily": "Newsreader",
							"fontStyle": "normal",
							"fontWeight": "200",
							"src": "https://fonts.gstatic.com/s/newsreader/v25/cY9qfjOCX1hbuyalUrK49dLac06G1ZGsZBtoBCzBDXXD9JVF438w-I_ACexEPjCggA.woff2"
						},
						{
							"fontFamily": "Newsreader",
							"fontStyle": "normal",
							"fontWeight": "300",
							"src": "https://fonts.gstatic.com/s/newsreader/v25/cY9qfjOCX1hbuyalUrK49dLac06G1ZGsZBtoBCzBDXXD9JVF438wJo_ACexEPjCggA.woff2"
						},
						{
							"fontFamily": "Newsreader",
							"fontStyle": "normal",
							"fontWeight": "400",
							"src": "https://fonts.gstatic.com/s/newsreader/v25/cY9qfjOCX1hbuyalUrK49dLac06G1ZGsZBtoBCzBDXXD9JVF438weI_ACexEPjCggA.woff2"
						},
						{
							"fontFamily": "Newsreader",
							"fontStyle": "normal",
							"fontWeight": "500",
							"src": "https://fonts.gstatic.com/s/newsreader/v25/cY9qfjOCX1hbuyalUrK49dLac06G1ZGsZBtoBCzBDXXD9JVF438wSo_ACexEPjCggA.woff2"
						},
						{
							"fontFamily": "Newsreader",
							"fontStyle": "normal",
							"fontWeight": "600",
							"src": "https://fonts.gstatic.com/s/newsreader/v25/cY9qfjOCX1hbuyalUrK49dLac06G1ZGsZBtoBCzBDXXD9JVF438wpojACexEPjCggA.woff2"
						},
						{
							"fontFamily": "Newsreader",
							"fontStyle": "normal",
							"fontWeight": "700",
							"src": "https://fonts.gstatic.com/s/newsreader/v25/cY9qfjOCX1hbuyalUrK49dLac06G1ZGsZBtoBCzBDXXD9JVF438wn4jACexEPjCggA.woff2"
						},
						{
							"fontFamily": "Newsreader",
							"fontStyle": "normal",
							"fontWeight": "800",
							"src": "https://fonts.gstatic.com/s/newsreader/v25/cY9qfjOCX1hbuyalUrK49dLac06G1ZGsZBtoBCzBDXXD9JVF438w-IjACexEPjCggA.woff2"
						},
						{
							"fontFamily": "Newsreader",
							"fontStyle": "italic",
							"fontWeight": "200",
							"src": "https://fonts.gstatic.com/s/newsreader/v25/cY9kfjOCX1hbuyalUrK439vogqC9yFZCYg7oRZaLP4obnf7fTXglsMyoT-ZFHDWwgECi.woff2"
						},
						{
							"fontFamily": "Newsreader",
							"fontStyle": "italic",
							"fontWeight": "300",
							"src": "https://fonts.gstatic.com/s/newsreader/v25/cY9kfjOCX1hbuyalUrK439vogqC9yFZCYg7oRZaLP4obnf7fTXglsMx2T-ZFHDWwgECi.woff2"
						},
						{
							"fontFamily": "Newsreader",
							"fontStyle": "italic",
							"fontWeight": "400",
							"src": "https://fonts.gstatic.com/s/newsreader/v25/cY9kfjOCX1hbuyalUrK439vogqC9yFZCYg7oRZaLP4obnf7fTXglsMwoT-ZFHDWwgECi.woff2"
						},
						{
							"fontFamily": "Newsreader",
							"fontStyle": "italic",
							"fontWeight": "500",
							"src": "https://fonts.gstatic.com/s/newsreader/v25/cY9kfjOCX1hbuyalUrK439vogqC9yFZCYg7oRZaLP4obnf7fTXglsMwaT-ZFHDWwgECi.woff2"
						},
						{
							"fontFamily": "Newsreader",
							"fontStyle": "italic",
							"fontWeight": "600",
							"src": "https://fonts.gstatic.com/s/newsreader/v25/cY9kfjOCX1hbuyalUrK439vogqC9yFZCYg7oRZaLP4obnf7fTXglsMz2SOZFHDWwgECi.woff2"
						},
						{
							"fontFamily": "Newsreader",
							"fontStyle": "italic",
							"fontWeight": "700",
							"src": "https://fonts.gstatic.com/s/newsreader/v25/cY9kfjOCX1hbuyalUrK439vogqC9yFZCYg7oRZaLP4obnf7fTXglsMzPSOZFHDWwgECi.woff2"
						},
						{
							"fontFamily": "Newsreader",
							"fontStyle": "italic",
							"fontWeight": "800",
							"src": "https://fonts.gstatic.com/s/newsreader/v25/cY9kfjOCX1hbuyalUrK439vogqC9yFZCYg7oRZaLP4obnf7fTXglsMyoSOZFHDWwgECi.woff2"
						}
					],
					"fontFamily": "\"Newsreader\", sans-serif",
					"name": "Newsreader",
					"slug": "newsreader"
				},
				{
					"fontFace": [
						{
							"fontFamily": "PT Serif",
							"fontStyle": "normal",
							"fontWeight": "400",
							"src": "https://fonts.gstatic.com/s/ptserif/v18/EJRVQgYoZZY2vCFuvDFUxL6ddjb-.woff2"
						},
						{
							"fontFamily": "PT Serif",
							"fontStyle": "italic",
							"fontWeight": "400",
							"src": "https://fonts.gstatic.com/s/ptserif/v18/EJRTQgYoZZY2vCFuvAFTzr-_cyb-vco.woff2"
						},
						{
							"fontFamily": "PT Serif",
							"fontStyle": "normal",
							"fontWeight": "700",
							"src": "https://fonts.gstatic.com/s/ptserif/v18/EJRSQgYoZZY2vCFuvAnt65qQXSr3pNNB.woff2"
						},
						{
							"fontFamily": "PT Serif",
							"fontStyle": "italic",
							"fontWeight": "700",
							"src": "https://fonts.gstatic.com/s/ptserif/v18/EJRQQgYoZZY2vCFuvAFT9gaQVyvVocNB6Iw.woff2"
						}
					],
					"fontFamily": "\"PT Serif\", sans-serif",
					"name": "PT Serif",
					"slug": "pt-serif"
				}
			],
			"fontSizes": [
				{
					"fluid": {
						"max": "16px",
						"min": "15px"
					},
					"name": "Small",
					"size": "16px",
					"slug": "small"
				},
				{
					"fluid": {
						"max": "17px",
						"min": "16px"
					},
					"name": "Medium",
					"size": "17px",
					"slug": "medium"
				},
				{
					"fluid": {
						"max": "32px",
						"min": "24px"
					},
					"name": "Large",
					"size": "32px",
					"slug": "large"
				},
				{
					"fluid": {
						"max": "62px",
						"min": "40px"
					},
					"name": "Extra Large",
					"size": "62px",
					"slug": "x-large"
				},
				{
					"fluid": {
						"max": "74px",
						"min": "44px"
					},
					"name": "2X Large",
					"size": "74px",
					"slug": "xx-large"
				},
				{
					"fluid": {
						"max": "138px",
						"min": "40px"
					},
					"name": "3X Large",
					"size": "132px",
					"slug": "xxx-large"
				}
			],
			"writingMode": true
		},
		"useRootPaddingAwareAlignments": true
	},
	"styles": {
		"blocks": {
			"core/button": {
				"variations": {
					"outline": {
						"border": {
							"width": "1px"
						},
						"spacing": {
							"padding": {
								"bottom": "15px",
								"left": "23px",
								"right": "23px",
								"top": "15px"
							}
						}
					}
				}
			},
			"core/buttons": {
				"spacing": {
					"blockGap": "8px",
					"margin": {
						"top": "calc( var(--wp--style--block-gap) * 1.5)"
					}
				}
			},
			"core/column": {
				"variations": {
					"section-1": {
						"color": {
							"background": "var(--wp--preset--color--theme-4)",
							"text": "var(--wp--preset--color--theme-5)"
						},
						"elements": {
							"button": {
								":hover": {
									"color": {
										"background": "color-mix(in srgb, var(--wp--preset--color--theme-5) 85%, #000)",
										"text": "var(--wp--preset--color--theme-1)"
									}
								},
								"color": {
									"background": "var(--wp--preset--color--theme-5)",
									"text": "var(--wp--preset--color--theme-1)"
								}
							}
						}
					},
					"section-2": {
						"color": {
							"background": "var(--wp--preset--color--theme-3)",
							"text": "var(--wp--preset--color--theme-5)"
						},
						"elements": {
							"button": {
								":hover": {
									"color": {
										"background": "color-mix(in srgb, var(--wp--preset--color--theme-5) 85%, #000)",
										"text": "var(--wp--preset--color--theme-1)"
									}
								},
								"color": {
									"background": "var(--wp--preset--color--theme-5)",
									"text": "var(--wp--preset--color--theme-1)"
								}
							}
						}
					},
					"section-3": {
						"blocks": {
							"core/separator": {
								"color": {
									"text": "color-mix(in srgb, currentColor 25%, transparent)"
								}
							}
						},
						"color": {
							"background": "var(--wp--preset--color--theme-5)",
							"text": "var(--wp--preset--color--theme-1)"
						},
						"elements": {
							"button": {
								":hover": {
									"color": {
										"background": "color-mix(in srgb, var(--wp--preset--color--theme-3) 85%, #000)",
										"text": "var(--wp--preset--color--theme-5)"
									}
								},
								"color": {
									"background": "var(--wp--preset--color--theme-3)",
									"text": "var(--wp--preset--color--theme-5)"
								}
							}
						}
					}
				}
			},
			"core/columns": {
				"spacing": {
					"blockGap": {
						"left": "var(--wp--preset--spacing--40)",
						"top": "var(--wp--preset--spacing--30)"
					}
				},
				"variations": {
					"section-1": {
						"color": {
							"background": "var(--wp--preset--color--theme-4)",
							"text": "var(--wp--preset--color--theme-5)"
						},
						"elements": {
							"button": {
								":hover": {
									"color": {
										"background": "color-mix(in srgb, var(--wp--preset--color--theme-5) 85%, #000)",
										"text": "var(--wp--preset--color--theme-1)"
									}
								},
								"color": {
									"background": "var(--wp--preset--color--theme-5)",
									"text": "var(--wp--preset--color--theme-1)"
								}
							}
						}
					},
					"section-2": {
						"color": {
							"background": "var(--wp--preset--color--theme-3)",
							"text": "var(--wp--preset--color--theme-5)"
						},
						"elements": {
							"button": {
								":hover": {
									"color": {
										"background": "color-mix(in srgb, var(--wp--preset--color--theme-5) 85%, #000)",
										"text": "var(--wp--preset--color--theme-1)"
									}
								},
								"color": {
									"background": "var(--wp--preset--color--theme-5)",
									"text": "var(--wp--preset--color--theme-1)"
								}
							}
						}
					},
					"section-3": {
						"blocks": {
							"core/separator": {
								"color": {
									"text": "color-mix(in srgb, currentColor 25%, transparent)"
								}
							}
						},
						"color": {
							"background": "var(--wp--preset--color--theme-5)",
							"text": "var(--wp--preset--color--theme-1)"
						},
						"elements": {
							"button": {
								":hover": {
									"color": {
										"background": "color-mix(in srgb, var(--wp--preset--color--theme-3) 85%, #000)",
										"text": "var(--wp--preset--color--theme-5)"
									}
								},
								"color": {
									"background": "var(--wp--preset--color--theme-3)",
									"text": "var(--wp--preset--color--theme-5)"
								}
							}
						}
					}
				}
			},
			"core/cover": {
				"variations": {
					"section-1": {
						"color": {
							"background": "var(--wp--preset--color--theme-4)",
							"text": "var(--wp--preset--color--theme-5)"
						},
						"elements": {
							"button": {
								":hover": {
									"color": {
										"background": "color-mix(in srgb, var(--wp--preset--color--theme-5) 85%, #000)",
										"text": "var(--wp--preset--color--theme-1)"
									}
								},
								"color": {
									"background": "var(--wp--preset--color--theme-5)",
									"text": "var(--wp--preset--color--theme-1)"
								}
							}
						}
					},
					"section-2": {
						"color": {
							"background": "var(--wp--preset--color--theme-3)",
							"text": "var(--wp--preset--color--theme-5)"
						},
						"elements": {
							"button": {
								":hover": {
									"color": {
										"background": "color-mix(in srgb, var(--wp--preset--color--theme-5) 85%, #000)",
										"text": "var(--wp--preset--color--theme-1)"
									}
								},
								"color": {
									"background": "var(--wp--preset--color--theme-5)",
									"text": "var(--wp--preset--color--theme-1)"
								}
							}
						}
					},
					"section-3": {
						"color": {
							"background": "var(--wp--preset--color--theme-5)",
							"text": "var(--wp--preset--color--theme-1)"
						},
						"elements": {
							"button": {
								":hover": {
									"color": {
										"background": "color-mix(in srgb, var(--wp--preset--color--theme-3) 85%, #000)",
										"text": "var(--wp--preset--color--theme-5)"
									}
								},
								"color": {
									"background": "var(--wp--preset--color--theme-3)",
									"text": "var(--wp--preset--color--theme-5)"
								}
							}
						}
					}
				}
			},
			"core/group": {
				"variations": {
					"section-1": {
						"color": {
							"background": "var(--wp--preset--color--theme-4)",
							"text": "var(--wp--preset--color--theme-5)"
						},
						"elements": {
							"button": {
								":hover": {
									"color": {
										"background": "color-mix(in srgb, var(--wp--preset--color--theme-5) 85%, #000)",
										"text": "var(--wp--preset--color--theme-1)"
									}
								},
								"color": {
									"background": "var(--wp--preset--color--theme-5)",
									"text": "var(--wp--preset--color--theme-1)"
								}
							}
						}
					},
					"section-2": {
						"color": {
							"background": "var(--wp--preset--color--theme-3)",
							"text": "var(--wp--preset--color--theme-5)"
						},
						"elements": {
							"button": {
								":hover": {
									"color": {
										"background": "color-mix(in srgb, var(--wp--preset--color--theme-5) 85%, #000)",
										"text": "var(--wp--preset--color--theme-1)"
									}
								},
								"color": {
									"background": "var(--wp--preset--color--theme-5)",
									"text": "var(--wp--preset--color--theme-1)"
								}
							}
						}
					},
					"section-3": {
						"blocks": {
							"core/separator": {
								"color": {
									"text": "color-mix(in srgb, currentColor 25%, transparent)"
								}
							}
						},
						"color": {
							"background": "var(--wp--preset--color--theme-5)",
							"text": "var(--wp--preset--color--theme-1)"
						},
						"elements": {
							"button": {
								":hover": {
									"color": {
										"background": "color-mix(in srgb, var(--wp--preset--color--theme-3) 85%, #000)",
										"text": "var(--wp--preset--color--theme-5)"
									}
								},
								"color": {
									"background": "var(--wp--preset--color--theme-3)",
									"text": "var(--wp--preset--color--theme-5)"
								}
							}
						}
					}
				}
			},
			"core/navigation": {
				"typography": {
					"fontFamily": "var(--wp--preset--font-family--pt-serif)",
					"fontSize": "var(--wp--preset--font-size--medium)",
					"fontWeight": "400",
					"lineHeight": "1.3"
				}
			},
			"core/post-content": {
				"css": "& > div:first-child.alignfull { margin-top: calc( -1 * var(--wp--preset--spacing--20)) !important; } & > div:last-child.alignfull { margin-bottom: calc( -1 * var(--wp--preset--spacing--60)) !important; } & > p + div.alignfull { margin-top: var(--wp--style--block-gap) !important; }",
				"spacing": {
					"padding": {
						"bottom": "var(--wp--preset--spacing--60)",
						"top": "var(--wp--preset--spacing--20)"
					}
				}
			},
			"core/separator": {
				"border": {
					"top": {
						"width": "2px"
					}
				},
				"color": {
					"text": "var(--wp--preset--color--theme-3)"
				}
			},
			"core/site-tagline": {
				"typography": {
					"fontFamily": "var(--wp--preset--font-family--pt-serif)",
					"fontSize": "var(--wp--preset--font-size--medium)",
					"fontWeight": "400"
				}
			},
			"core/site-title": {
				"elements": {
					"link": {
						"typography": {
							"textDecoration": "none"
						}
					}
				},
				"typography": {
					"fontFamily": "var(--wp--preset--font-family--newsreader)",
					"fontSize": "24px",
					"fontWeight": "400",
					"lineHeight": {
						"ref": "styles.blocks.core/navigation.typography.lineHeight"
					}
				}
			},
			"jetpack/subscriptions": {
				"elements": {
					"button": {
						"border": {
							"radius": "0 !important"
						},
						"spacing": {
							"padding": {
								"left": "clamp(1.75rem, 3vw, 2rem) !important",
								"right": "clamp(1.75rem, 3vw, 2rem) !important"
							}
						}
					}
				}
			}
		},
		"color": {
			"background": "var(--wp--preset--color--theme-2)",
			"text": "var(--wp--preset--color--theme-5)"
		},
		"css": ".no-underline a {\n\ttext-decoration: none;\n}\n\n/* START Big Sky */\n.wp-block-site-logo .custom-logo[src*=\"/wp-content/uploads/2025/07/site_logo_bsky-2.png\"] {\n\tbackground-color: currentcolor;\n\t-webkit-mask-image: url('https://aisba186607fshinydragon.wordpress.com/wp-content/uploads/2025/07/site_logo_bsky-2.png');\n\t-webkit-mask-position: center center;\n\t-webkit-mask-size: cover;\n\t-webkit-mask-repeat: no-repeat;\n\tmask-image: url('https://aisba186607fshinydragon.wordpress.com/wp-content/uploads/2025/07/site_logo_bsky-2.png');\n\tmask-position: center center;\n\tmask-size: cover;\n\tmask-repeat: no-repeat;\n\tobject-position: -1024px -1024px;\n}\n\n/* END Big Sky */",
		"elements": {
			"button": {
				":hover": {
					"color": {
						"background": "color-mix(in srgb, var(--wp--preset--color--theme-5) 85%, #000)",
						"text": "var(--wp--preset--color--theme-1)"
					}
				},
				"border": {
					"radius": "0"
				},
				"color": {
					"background": "var(--wp--preset--color--theme-5)",
					"text": "var(--wp--preset--color--theme-1)"
				},
				"spacing": {
					"padding": {
						"bottom": "1rem",
						"left": "clamp(1.75rem, 3vw, 2rem)",
						"right": "clamp(1.75rem, 3vw, 2rem)",
						"top": "1rem"
					}
				},
				"typography": {
					"fontFamily": "var(--wp--preset--font-family--pt-serif)",
					"fontSize": "var(--wp--preset--font-size--medium)",
					"fontWeight": "400"
				}
			},
			"caption": {
				"spacing": {
					"padding": {
						"top": "8px"
					}
				},
				"typography": {
					"fontSize": "14px",
					"fontWeight": "400"
				}
			},
			"h1": {
				"typography": {
					"fontSize": "var(--wp--preset--font-size--xx-large)",
					"lineHeight": "1"
				}
			},
			"h2": {
				"typography": {
					"fontSize": "var(--wp--preset--font-size--x-large)",
					"fontWeight": {
						"ref": "styles.elements.h1.typography.fontWeight"
					},
					"lineHeight": "1.1"
				}
			},
			"h3": {
				"typography": {
					"fontSize": "var(--wp--preset--font-size--large)",
					"fontWeight": "400",
					"letterSpacing": "-0.01em",
					"lineHeight": "1.2"
				}
			},
			"h4": {
				"typography": {
					"fontSize": "var(--wp--preset--font-size--large)",
					"fontWeight": "400",
					"letterSpacing": "-0.01em",
					"lineHeight": "1.3"
				}
			},
			"h5": {
				"typography": {
					"fontSize": "var(--wp--preset--font-size--large)",
					"letterSpacing": "-0.01em",
					"lineHeight": "1.4"
				}
			},
			"h6": {
				"typography": {
					"fontSize": "var(--wp--preset--font-size--large)",
					"letterSpacing": "-0.01em"
				}
			},
			"heading": {
				"css": "&.has-background { padding: 0; }",
				"typography": {
					"fontFamily": "var(--wp--preset--font-family--newsreader)",
					"fontWeight": "400",
					"letterSpacing": "-0.02em",
					"lineHeight": "1.2"
				}
			},
			"link": {
				"color": {
					"text": "currentColor"
				}
			}
		},
		"spacing": {
			"blockGap": "var(--wp--preset--spacing--20)",
			"padding": {
				"left": "var(--wp--preset--spacing--40)",
				"right": "var(--wp--preset--spacing--40)"
			}
		},
		"typography": {
			"fontFamily": "var(--wp--preset--font-family--pt-serif)",
			"fontSize": "var(--wp--preset--font-size--medium)",
			"fontWeight": "400",
			"letterSpacing": "0",
			"lineHeight": "1.55"
		}
	},
	"templateParts": [
		{
			"area": "header",
			"name": "header",
			"title": "Header"
		},
		{
			"area": "header",
			"name": "header-hero",
			"title": "Hero Header"
		},
		{
			"area": "footer",
			"name": "footer",
			"title": "Footer"
		}
	],
	"version": 3
}